Model,Accuracy,Precision,Recall,F1 Score,ROC-AUC
Logistic Regression,0.7991516680041271,0.6893232205367561,0.4920866305705956,0.5742405832320777,0.8495644626217511
Decision Tree,0.8021322939355726,0.6399834093737039,0.6426488962932112,0.6413133832086451,0.7541606902559977
Random Forest,0.8526309755817952,0.7786660004996253,0.6491045397750937,0.7080068143100511,0.9108124962695471
Gradient Boosting,0.830390920554855,0.7535075653370014,0.570387338608913,0.6492829204693612,0.8910877717433194
